# 鸣潮 EN(含ASR误拼)	官方中文	类别
Rover	漂泊者	char
Yangyang	秧秧	char
Yangyang: Xuanling	秧秧·玄翎	char
Xuanling	玄翎	char
Chixia	炽霞	char
Baizhi	白芷	char
Lingyang	凌阳	char
Verina	维里奈	char
Jianxin	鉴心	char
Taoqi	桃祈	char
Yuanwu	渊武	char
Danjin	丹瑾	char
Mortefi	莫特斐	char
Sanhua	散华	char
Zhezhi	折枝	char
Xiangli Yao	相里要	char
Youhu	釉瑚	char
Lumi	灯灯	char
Encore	安可	char
Aalto	秋水	char
Camellya	椿	char
The Shorekeeper	守岸人	char
Shorekeeper	守岸人	char
Phoebe	菲比	char
Brant	布兰特	char
Roccia	洛可可	char
Zani	赞妮	char
Carlotta	珂莱塔	char
Cantarella	坎特蕾拉	char
Ciaccona	夏空	char
Cartethyia	卡提希娅	char
Lupa	露帕	char
Phrolova	弗洛洛	char
Augusta	奥古斯塔	char
Iuno	尤诺	char
Galbrena	嘉贝莉娜	char
Qiuyuan	仇远	char
Chisa	千咲	char
Lynae	琳奈	char
Mornye	莫宁	char
Aemeath	爱弥斯	char
Luuk Herssen	陆·赫斯	char
Sigrika	西格莉卡	char
Hiyuki	绯雪	char
Denia	达妮娅	char
Lucilla	露西拉	char
Suisui	穗穗	char
Qingxiao	清宵	char
Jingran	景燃	char
Jiyan	忌炎	char
Yinlin	吟霖	char
Jinhsi	今汐	char
Changli	长离	char
Jinhsi	今汐	char
# 版本/组织/地名/系统术语		
Wuthering Waves	鸣潮	term
Resonator	共鸣者	term
Echo	声骸	term
Tacet Discord	残象	term
Resonance Liberation	共鸣解放	term
Forte Circuit	共鸣回路	term
Inherent Skill	固有技能	term
Tune Rupture	谐度破坏	term
Cadence Interference	集谐·干涉	term
Cadence Shift	集谐·偏移	term
Huanglong	瑝珑	place
Jinzhou	今州	place
Nameless Hero	无名英雄	term
Black Shore	黑海岸	place
Midreal	在野	term
Huaxu Academy	华虚学院	place
Solaris	索拉里斯	place
Lament	悲鸣	term
Tacet Field	残象领域	term
Startorch Academy	星炬学院	place
Lahai-Roi	拉海洛	place
Dimmr Plains	迪默平原	place
Bjartr Woods	巴耶特林地	place
Stridergate	斯特莱德门	place
Seven Hills	七丘	place
Xuanfang	玄方	place
Mengzhou	梦州	place
Mingting	明庭	place
New Federation	新联邦	place
Aleph One	阿列夫一	term
Remnant Energy	残响能量	term
Annihilation	湮灭	elem
Spectro	衍射	elem
Havoc	湮灭	elem
Fusion	热熔	elem
Glacio	冷凝	elem
Electro	导电	elem
Aero	气动	elem
Broadblade	长刃	weapon
Pistol	佩枪	weapon
Rectifier	音感仪	weapon
Sword	迅刀	weapon
Gauntlet	臂铠	weapon
Blade	长刃	weapon
Convene	唤取	term
Stattrace	深塔	term
Whimpering Wastes	海墟	term
Simulated Universe	模拟域	term
# 频道/博主/其它专有名词		
Tenha	Tenha	meta
Tenhatv	Tenha	meta
