序号	原文中文(机翻)	校准后中文	英文行
4	可操作的哨兵，凭借她的性感	可操作的岁主，凭借她的性感	playable Sentinel, given her sultry
15	枯萎波浪3.7版任务多动症	鸣潮3.7版任务多动症	Withering Waves version 3.7 quest ADHD.
17	试图找到新。看起来是	试图找到心月狐。看起来是	trying to find Shin. Seems to be a
29	我喜欢Swing的设计	我喜欢锁暝的设计	I like Swing's design.
40	>> 我们再次前往歧管	>> 我们再次前往万相神宫	>> Once again, we head to the manifold
41	与丁晓同在圣殿，见见斯瓦明	与丁晓同在神宫，见见锁暝	sanctum with Ting Xiao and meet Swaming
42	他也在找成。我们进去了	他也在找心月狐。我们进去了	who's also looking for Shing. We enter
43	与斯沃明和发现的圣所	与锁暝和发现的万相神宫	the sanctum with Swaming and discover
44	情况非常不对劲。天体	情况非常不对劲。天人	something is very wrong. The celestials
46	圣所里有异常。其中一个	万相神宫里有异常。其中一个	anomaly in the sanctum. One of the
47	天体，卢勒，意识到我们已经	天人，卢勒，意识到我们已经	celestials, Lurer, upon realizing we had
72	追踪心脏内的异常	追踪心境内的异常	tracking the anomalies within the heart
73	Realms，突然发生了这种事	突然发生了这种事	realms, suddenly this happens.
85	天神们谈论的	天人谈论的	Celestials talked about.
96	等等，艾比为什么这么矮？艾比	等等，阿布为什么这么矮？阿布	Wait, why Abby so short? Abby.
97	为什么艾比比我高？呃	为什么阿布比我高？呃	Why is Abby taller than me? Uhoh.
98	艾比。呃	阿布。呃	Abby. Uhoh.
106	通过这样做，我们模拟了清醒月亮	通过这样做，我们模拟了朝月	doing so, we simulated the waking moon
107	天界的节日	天人的节日	festival for the celestials within this
109	天界幻影见到她的孩子一号	天人幻影见到她的孩子一号	celestial phantom to see her child one
117	哨兵	岁主	Sentinel.
118	>>等等，天神到底是怎么死的？	>>等等，天人到底是怎么死的？	>> Wait, but how does Celestial even die?
126	清醒月节，进入一扇门	朝月会，进入一扇门	Waking Moon Festival and enter a door
134	直到我们终于到达了西米拉克林	直到我们终于到达了梦枢天罗	until we finally reach the similacrim
135	核心，Nexus。但当我们进入每一个	核心。但当我们进入每一个	nexus, the core. But as we enter each
137	显然我们正在重温申的经历	显然我们正在重温心月狐的经历	clear we're actually reliving Shin's
156	>> 一个文明舱	>> 一个文明之匣	>> A civilization capsule.
159	通过哨兵谐振器维持	通过岁主共鸣者维持	sustained from the Sentinel resonator's
161	>>哨兵谐振器。哨兵是谁	>>岁主共鸣者。岁主是谁	>> Sentinel resonator. Who was the Sentinel
162	共振腔？她是怎么死的？	共鸣者？她是怎么死的？	resonator? And how did she die?
168	>>等等，她杀了辛	>>等等，她杀了心月狐	>> Wait, she killed Sin.
178	我们现在所知的罪是谁？为什么他们会	我们现在所知的心月狐是谁？为什么他们会	who was the sin we know now? Why do they
180	当年杀死辛那么狠？	当年杀死心月狐那么狠？	to kill Sin so bad back then?
184	>> 如果你是Sheen的分形形式	>> 如果你是心月狐的分形形式	>> If you are a fractal form of Sheen the
185	月狐，那现实呢？	心月狐，那现实呢？	Moon Fox, then what of the real
186	哨兵？	岁主？	Sentinel?
194	>> 是原版哨兵吗？	>> 是原版岁主吗？	>> Is it the original sentinel?
200	仲裁者	御者	Arbiter,
204	保护Schwangfong堡垒。希恩	保护玄方城堡垒。心月狐	protecting Schwangfong Hold. Sheen the
205	月狐把心给了你，而你	把心给了你，而你	Moonf Fox gave you its heart, and you
206	把你的交给了Schwangfong Hold。只要	把你的交给了玄方城。只要	gave yours to Schwangfong Hold. As long
210	重要的是你的想法。希恩	重要的是你的想法。心月狐	What matters is what you think. Sheen,
212	>> 所以，这并不是真正的罪恶	>> 所以，这并不是真正的心月狐	>> So, this isn't the real sin the moon
213	狐狸。她只是它的一个分形	她只是它的一个分形	fox. She's just a fractal of it.
220	心境异常已解决，罗弗	心境异常已解决，漂泊者	heart realm's anomaly resolved, Rover
222	首先，我们被切换到斯瓦明的	首先，我们被切换到锁暝的	first, we're switched to Swaming's
229	斯瓦明的背景故事。第六个印章是	锁暝的背景故事。第六个印章是	Swaming's backstory. The sixth seal is
237	总之，摇摆姐妹。你救了我们	总之，锁暝姐妹。你救了我们	anyway, Sister Swinging. You saved our
240	>> 我们为被称为“海豹”而感到自豪	>> 我们为被称为“封印”而感到自豪	>> And we were proud to be called the seal
251	就这样挣扎。然后游水	就这样挣扎。然后锁暝	struggling like this. Then Swaming
252	最终遇见了辛本人。或者说是	最终遇见了心月狐本人。或者说是	finally encounters Sin herself. Or is
255	蜂拥而至	锁暝	swarming.
261	哨兵事务部，你已经投入了两个	谛天鉴，你已经投入了两个	Sentinel Affairs, you have devoted two
263	胶囊并升为总监。现在轮到你了	文明之匣并升为州监。现在轮到你了	capsule and risen to intendant. Now you
266	朱红锁，每一次密封	玄朱锁，每一次密封	Vermillion locks, each sealing of
290	起诉	锁暝	Suing.
291	你现在是督察了。哨兵报	你现在是督察了。岁主报	You are an intendant now. The Sentinel
299	哨兵。又一次犯下叛国罪	岁主。又一次犯下叛国罪	Sentinel. yet again committing treason.
302	哨兵事务总监？她和	岁主事务州监？她和	intendant of sentinel affairs? She and
303	月狐绝不会做出那样的事	心月狐绝不会做出那样的事	the moon fox would never do such a
305	你不是她，也不是哨兵	你不是她，也不是岁主	You are not her and you are no sentinel.
306	>> 哦，走开，恶魔。回归罗弗	>> 哦，走开，恶魔。回归漂泊者	>> Ooh, be gone, fiend. Back with Rover in
308	体验更多Seen的记忆。在	体验更多心月狐的记忆。在	experience more of Seen's memories. in
313	>> 谢谢你，哨兵女士，感谢你屈服	>> 谢谢你，岁主女士，感谢你屈服	>> Thank you, Lady Sentinel, for bending
315	山坊的清醒月节	玄方城的朝月会	The Waking Moon Festival in Shanfang
316	Hold比我自己还要美丽	比我自己还要美丽	hold is even more beautiful than I ever
319	不惜一切代价守护施万方	不惜一切代价守护玄方	guard Schwanfong at all costs.
330	一年。我成了传说中的哨兵	一年。我成了传说中的岁主	a year. I became the fabled sentinel who
362	平民。通知所有单位。名字里	平民。通知所有单位。以	civilians. Notify all units. In the name
363	以	心月狐的名义，以这片土地的岁主的名义，	of seen the moon fox in the name of the
364	这片土地的哨兵，跟随我的	跟随我的	sentinel of this land, follow my
365	指挥部	指挥。	command.
383	等待结束	玄方城的完工	Hold's completion.
385	这就是“领地”的完成方式	这就是玄方城的完成方式	that's how the Hold was completed.
386	>> 提出成为天界生物。其为	>> 提出成为天人。其为	>> Offering to become celestials. It is as
395	>> 这场战斗决定了山芳的命运	>> 这场战斗决定了玄方的命运	>> This battle determines Shanfang's fate.
396	申夫人，从今以后，我们与	心月狐夫人，从今以后，我们与	Lady Shin, from now on, we are one with
397	这个固定点	这个玄方城	this hold.
403	哨兵	岁主	sentinel.
407	月狐希恩。带着霜之心	心月狐。带着霜之心	Sheen the Moon Fox. With the frost heart
408	领域异常解决，Shin 终于	领域异常解决，心月狐 终于	realm anomaly resolved, Shin is finally
410	显现她的人形。还有一辆漫游车	显现她的人形。还有一辆漂泊者	manifest her human form. And a rover
411	由朱红锁警告	由玄朱锁警告	warned by Vermillion Lock given to us
412	之前被Swaming说Shin是	之前被锁暝说心月狐是	earlier by Swaming that Shin is
415	丑陋的真相。我们了解了申的病情	丑陋的真相。我们了解了心月狐的病情	the ugly truth. We learn what Shin has
427	Schwangfong。嗯	玄方城。嗯	Schwangfong. Mhm.
430	再次见到月狐希恩。但是	再次见到心月狐。但是	to see Sheen the moon fox once more. But
433	>> Sheen，告诉我，是	>> 心月狐，告诉我，是	>> Sheen, tell me, was the cost of
434	重塑文明舱 你的	重塑文明之匣 你的	remolding the civilization capsule your
440	>>仲裁者	>>御者	>> Arbiter,
442	你做得很好，希恩	你做得很好，心月狐	You did well, Sheen.
447	>>仲裁者，别试图	>>御者，别试图	>> Arbiter, don't try to
451	>> 希恩	>> 心月狐	>> Sheen.
452	哨兵死了	岁主死了	The Sentinel is dead.
455	>> Shwenfong的建立	>> 玄方城的建立	>> The founding of Shwenfong
457	文明舱	文明之匣	civilization capsule.
461	福克斯托付给我的。但我，我，我	狐狸托付给我的。但我，我，我	fox had entrusted me with. But I but I I
468	所以，她用的是文明舱	所以，她用的是文明之匣	So, her using the civilization capsule
469	导致哨兵死亡	导致岁主死亡	caused the Sentinel to die.
475	文明舱停止吸取我的血	文明之匣停止吸取我的血	civilization capsule stopped draining my
479	仲裁者	御者	Arbiter,
482	月狐，不是缩小的弗拉普托形态	心月狐，不是缩小的弗拉普托形态	moon fox, not a diminished frapto form.
485	>> Rover 真吓人。天哪	>> 漂泊者 真吓人。天哪	>> Rover is so scary. Oh my god.
488	>> 如果我夺回苏希安的力量，我可以	>> 如果我夺回溯心的力量，我可以	>> If I reclaimed Sushian's power, I could
489	唤醒哨兵的意志，从中	唤醒岁主的意志，从中	awaken the Sentinel's will from the
491	胶囊。这是真正的意志	文明之匣。这是真正的意志	capsule. Its true will.
493	>> 如果我自首，真正的哨兵	>> 如果我自首，真正的岁主	>> If I gave myself up, the true sentinel
496	真正的哨兵	真正的岁主	true sentinel.
497	你已经是月狐的一部分了	你已经是心月狐的一部分了	You're already a piece of the moon fox.
499	归来的真正是哨兵	归来的真正是岁主	that what returns is truly the sentinel,
501	>>我认为她在各方面都是哨兵	>>我认为她在各方面都是岁主	>> I think she's a sentinel in every sense
503	>> 希恩。我从一开始就带着这个	>> 心月狐。我从一开始就带着这个	>> Sheen. I've had this on me since I first
511	我更像是仲裁者	我更像是御者	me as arbiter more than anything else.
513	哨兵回应	岁主回应	sentinel back.
516	在被塔西特蹂躏的王风中	在被残象蹂躏的玄方中	in a Schwangfong ravaged by Tacit
518	你自己。如果真正的哨兵......	你自己。如果真正的岁主......	yourself. If the true Sentinel had made
520	更明智，更无懈可击地为Schwangfang服务	更明智，更无懈可击地为玄方城服务	wiser, more foolproof for Schwangfang,
523	绝不会让Muyu的混乱吞噬	绝不会让木禺的混乱吞噬	would never have let Muyu's chaos take
528	作为仲裁者的责任	作为御者的责任	responsibility as arbiter.
530	>>与哨兵的恶行	>>与岁主的恶行	>> and the wrongdoings of the sentinel's
534	蒙乔前进。你会背叛	梦州前进。你会背叛	of Mongjo forward. Will you betray the
535	希望他们能放进你身上？天哪，Rover真是	希望他们能放进你身上？天哪，漂泊者真是	hopes they place in you? Damn, Rover is
537	Rover是[ __ ]裁判，兄弟。I	漂泊者是[ __ ]御者，兄弟。I	Rover is the [ __ ] arbiter, bro. I
540	>> 与蜂群重聚，我们准备	>> 与锁暝重聚，我们准备	>> Reunited with swarming, we prepared to
541	当这突如其来时，面对苏辛	当这突如其来时，面对溯心	face Sushin when suddenly this happens.
556	>> Sheen的频率也在这里。你不能	>> 心月狐的频率也在这里。你不能	>> Sheen's frequency is here too. You can't
559	>>走吧，仲裁者。它会引领我们	>>走吧，御者。它会引领我们	>> let's go, Arbiter. It will lead us to
560	寿司不可避免	穗穗不可避免	sushi in the inevitable.
564	我永远无法成为曾经的哨兵	我永远无法成为曾经的岁主	I can never become the sentinel I was
570	[ __ ] 逻辑。天哪，辛	[ __ ] 逻辑。天哪，心月狐	[ __ ] logic. Oh my god, Sin.
579	>>哨兵，如果你在这里，我就闭嘴	>>岁主，如果你在这里，我就闭嘴	>> Sentinel, if you are here, I'll sush.
581	>> 蜂拥而至，绝不给我机会	>> 锁暝，绝不给我机会	>> And swarm me will not give the chance.
582	>> 那是最初的哨兵	>> 那是最初的岁主	>> That was the original sentinel.
583	哦，是原版哨兵	哦，是原版岁主	Oh, it's the original Sentinel.
584	哨兵	岁主	Sentinel,
589	重塑文明舱	重塑文明之匣	Remolding the civilization capsule would
598	能找到新道路的哨兵	能找到新道路的岁主	sentinel who can find a new path
616	文明舱数百年来的存在	文明之匣数百年来的存在	civilization capsule for centuries to
620	你是 Mojo 的核心	你是梦州的核心	You are the very heart of Mojo.
622	真正的哨兵。我觉得她是	真正的岁主。我觉得她是	legit sentinel. I feel like she's the
623	大多数哨兵哨兵都能做到。你	大多数岁主岁主都能做到。你	most sentinel sentinel could be. You
626	哨兵们鼓励着她	岁主们鼓励着她	sentinels encouraging her.
636	仲裁者	御者	Arbiter.
637	哨兵希恩，月狐，来了	岁主心月狐，来了	Sentinel Sheen, the Moon Fox, has come
639	那是原版哨兵，对吧？	那是原版岁主，对吧？	That's the OG Sentinel, right?
642	[ __ ]哨兵？	[ __ ]岁主？	[ __ ] Sentinel?
647	因为罪恶，但还是	因为心月狐，但还是	cuz of Sin, but still.
648	天哪 [ __ ] 罪恶真酷	天哪 [ __ ] 心月狐真酷	Holy [ __ ] Sin is so cool.
650	>>无限城堡	>>无限城	>> Infinity Castle.
655	电影院	大片	cinema.
656	>> 看，Simiracrim Nexus	>> 看，梦枢天罗	>> Look, similacrim nexus.
657	我们的文明舱太广大了，太	我们的文明之匣太广大了，太	Our civilization capsule is so vast, so
688	胶囊快完成了	文明之匣快完成了	capsule is nearly complete.
689	弗雷杜斯偷走的残骸不会	残星会偷走的残骸不会	The remains the Fraidus stole will no
690	不再足以动摇蒙乔	不再足以动摇梦州	longer be enough to shake Mongjo.
691	我会阻止神丰堡的崩溃	我会阻止玄方城的崩溃	I will stop Shenfong Hold's collapse and
692	召集那些意志的天神	召集那些意志的天人	gather those celestials whose wills are
697	秘密。这不适合做哨兵	秘密。这不适合做岁主	secrets. It is unbefitting a sentinel.
701	成为独一无二的哨兵	成为独一无二的岁主	of becoming a sentinel like no other.
702	苏辛离开，真终于完全恢复	溯心离开，心月狐终于完全恢复	With Sushin gone and Shin finally fully
703	接受了自己作为哨兵的角色	接受了自己作为岁主的角色	accepting her role as the Sentinel, the
704	危机得以避免。圣所回归	危机得以避免。万相神宫回归	crisis is averted. The sanctum returns
705	恢复正常，申终于真正明白了	恢复正常，心月狐终于真正明白了	to normal and Shin finally actually gets
706	亲身体验月亮节	亲身体验朝月会	to experience the Moon Festival herself.
707	>> 《清醒月节》。感觉像是	>> 《朝月会》。感觉像是	>> The Waking Moon Festival. It feels like
709	>> Sheen，你怎么还在这里？整个	>> 心月狐，你怎么还在这里？整个	>> Sheen, why are you still here? The whole
716	>> 蒙乔的暗流还未	>> 梦州的暗流还未	>> The dark currents of Mong Joe have yet
717	要从根本上清除。希恩	要从根本上清除。心月狐	to be purged at the root. Whether Sheen
719	重要的是哨兵是否	重要的是岁主是否	What matters is whether the Sentinel
722	现在是正式的哨兵了吗？	现在是正式的岁主了吗？	full-fledged Sentinel now or no?
731	艾比	阿布	Abby.
733	仲裁者	御者	Arbiter.
735	醒月节以及所有的	朝月会以及所有的	waking moon festival and all the
739	这里也有，因为吴刚才	这里也有，因为鸣潮刚才	scene here, too, because Wua just
769	>> 仲裁者，你打算写什么？愿我赢	>> 御者，你打算写什么？愿我赢	>> What will you write, Arbiter? May I win
771	枯萎的波浪	鸣潮	withering waves.
772	我可以买《罪恶P6》吗？我开玩笑的	我可以买《心月狐P6》吗？我开玩笑的	May I get Sin P6? I'm just kidding.
773	那不可能。但我能叫信吗？	那不可能。但我能叫心月狐吗？	That's not happening. But may I get Shin
776	谢谢。仲裁者	谢谢。御者	Thank you. Arbiter,
779	一起。仲裁者	一起。御者	together. Arbiter.
801	为什么？你的妹妹斯瓦明是	为什么？你的妹妹锁暝是	why? Your sister, Swaming, is
803	她带领蒙乔跨越了几个世纪	她带领梦州跨越了几个世纪	She carried Mong Joe through centuries
804	当哨兵不在时	当岁主不在时	when the Sentinel wasn't there to govern
807	>> Sheen将成为一个不一样的哨兵	>> 心月狐将成为一个不一样的岁主	>> Sheen will become a Sentinel like no
821	谢谢你，仲裁者。仲裁者，如果	谢谢你，御者。御者，如果	Thank you, Arbiter. Arbiter, if the
822	哨兵看到有人脸上带着悲伤的表情	岁主看到有人脸上带着悲伤的表情	Sentinel saw someone with a sad face at
829	更多他们见到Shin时的[ __ ]	更多他们见到心月狐时的[ __ ]	more of their [ __ ] at seeing Shin
837	真的杀了原哨兵？	真的杀了原岁主？	actually killed the original Sentinel?
839	Sante字体的谜团是	稷廷字体的谜团是	of Sante lettering, those mysteries are
842	来吧。希恩，月狐。还没到时候	来吧。心月狐，心月狐。还没到时候	come. Sheen, the moon fox. It's not time
844	>> 还没有。你为什么不叫我希恩？	>> 还没有。你为什么不叫我心月狐？	>> Not yet. Why don't you call me Sheen?
846	>> 正如我之前对哨兵说话的那样，我	>> 正如我之前对岁主说话的那样，我	>> As I address the Sentinel before, so I
853	一个被弗赖杜斯陷害的逃犯	一个被残星会陷害的逃犯	A fugitive framed by the Fraidus,
855	弗雷杜斯	残星会	Fraidus.
857	>> 与人有深厚联系的银杏巡逻员	>> 与人有深厚联系的今州巡逻员	>> The Gingjo patroller who has deep ties
871	小蜂群的派对很安静	小锁暝的派对很安静	party for Little Swarming were quite
880	我迫不及待想玩《枯萎战争》	我迫不及待想玩《鸣潮》	I can't wait to play War of Withering
881	Waves主线任务。那我先走了	主线任务。那我先走了	Waves main story quest. So, I'll see you
